count,date,comment
1,2018년 5월 14일 월요일 오후 10:08,최동현 ???: 둘다 수학 잘 몰라요
2,2018년 5월 16일 수요일 오전 1:51,이채형이요
3,2018년 5월 14일 월요일 오후 10:06,신희경 두유노우 현대고 현우진 빠순이? 현우진 이즈 갓❣️
4,2018년 5월 15일 화요일 오전 12:26,최영조 안녕하십니깐석원입니당 오늘은 엑썰사이즈문제 뭐 뭐라구?
5,2018년 5월 14일 월요일 오후 10:22,이창은 ㅇㅊㅎ이요
6,2018년 5월 15일 화요일 오후 8:17,수학은 고정민이지~ㅋㅋㅋ이강후 안재혁 김강현
7,2018년 5월 15일 화요일 오전 1:07,완수 ㄱㄱ
8,2018년 7월 22일 일요일 오후 11:35,이강재 한석원
9,2018년 5월 14일 월요일 오후 11:33,장연재 ㅋ
10,2018년 5월 14일 월요일 오후 10:19,유종현
11,2018년 8월 5일 일요일 오전 2:19,저요🖐️
12,2018년 8월 5일 일요일 오전 2:00,저여
13,2018년 8월 5일 일요일 오전 2:19,문정윤  헐ㄹㄹ 잃어버렸어????
14,2018년 8월 5일 일요일 오전 12:37,제발찾아주세요 ..... 꼭
15,2018년 8월 5일 일요일 오전 2:29,문과네 이선배님
16,2018년 8월 4일 토요일 오후 11:37,이윤재 아 딱 하루 안갔는데 그 사이에 핫플이...
17,2018년 8월 5일 일요일 오전 12:04,고3자습실제발  웃음소리  그만나길부탁한다
18,2018년 8월 4일 토요일 오전 2:01,김현우 정신차려요 증말 ~
19,2018년 8월 5일 일요일 오후 1:08,윤지후 야 갈래?
20,2018년 8월 1일 수요일 오전 2:06,프린스송한테 델꼬오세요
21,2018년 8월 1일 수요일 오전 1:52,정예린 곤쥬님 어디계세요
1,2018년 7월 25일 수요일 오후 7:27,이성진 고혹적인 풀이에 넘어가지 말 지어다~ 뭐뭐뭐뭠?아니 어떻게 선생이란자가 쉬운 풀이를 안알려줘요?알려주지 않습니다~엑서사이즈의 7번이였어용~
2,2018년 7월 25일 수요일 오후 7:58,머머리쌤
3,2018년 7월 26일 목요일 오전 1:18,황동진 이주호 @허원석 문배성 김민지 고우경 윤서진않이 얘들아 쌤 뵈러 가자 ㅜㅜ 영상 보니까 넘나 그립
4,2018년 7월 26일 목요일 오전 1:07,가자아아
5,2018년 7월 26일 목요일 오전 1:07,최고가 최고에게
6,2018년 7월 26일 목요일 오전 1:09,됐죵? 지~나갑니당~
7,2018년 7월 26일 목요일 오전 1:09,석원쌤 분필에 다시 맞아보고싶다
8,2018년 7월 26일 목요일 오전 1:15,다시 반삭하고 석원쌤한테 다시 머리 스매싱 당해보고 싶다
9,2018년 7월 26일 목요일 오전 1:15,석원찌보구밍
10,2018년 7월 26일 목요일 오전 1:17,저기...저는 잘못태그된거 같애서...원래 친구분을 다시 태그하시는게...좋을것 같습니다 ㅎㅎ
11,2018년 7월 26일 목요일 오전 1:18,ㅋㅋㅋㅋㅋㅌㅌㅌㅌㅌㅌㅌㅋㅋㅋ원석이페북지웠네
12,2018년 7월 26일 목요일 오전 1:18,헉... 죄송합니다.... ㅋㅋㅋㅋㅋㅋㅋ ㅠㅠㅠㅠㅠㅠㅠㅠㅠ
13,2018년 7월 26일 목요일 오전 1:19,고래고기먹으러 가장~!
14,2018년 7월 26일 목요일 오전 1:19,엥 태그가 다 지워졌어
15,2018년 7월 26일 목요일 오전 1:20,이주호 ㅜ
16,2018년 7월 26일 목요일 오전 1:20,얼라야 문자씨~ 문자씨 어디갔어~~
17,2018년 7월 26일 목요일 오전 1:20,근데 서진이는 석원쌤 아닌가?
18,2018년 7월 26일 목요일 오전 1:20,서진이 현우진임
19,2018년 7월 26일 목요일 오전 1:21,둘이 수능끝나고 처음봤으면서^^
20,2018년 7월 26일 목요일 오전 1:21,날짜 잡자아아아
21,2018년 7월 26일 목요일 오전 1:27,아니 흐이씨 씨~할 망할 선생아 도대체 뭔 소린지 모르겠다! 가 아니라~ 무릇 그렇다
22,2018년 7월 26일 목요일 오전 1:36,너꼴았냐?
23,2018년 7월 26일 목요일 오전 10:55,Songhawk Lee 여러분은 수학을 잘하지 않아요. 잘한다고 생각하면 그건 착각이에요ㅋㅋㅋㅋㅋㅋㅋㅋㅋㅋㅋㅋㅋㅋㅋㅋㅋㅋㅋㅋㅋㅋㅋㅋㅋㅋㅋㅋㅋㅋㅋㅋㅋㅋ
24,2018년 7월 26일 목요일 오전 10:55,지난주에 넹 넹 하시는데 ㄹㅇ졸귀
25,2018년 7월 26일 목요일 오후 9:27,ㅋㅋㅋㅋㅋㅋㅋㅋㅋㅋ아냐 난 이미 못한다고 생각했어.
26,2018년 8월 5일 일요일 오전 1:25,김지은 박다미 아 완전ㅁ어랜만에 듣는 목소리..... ㅋㅋㅋㅋ베플ㅋㅋㅋ음성지원된다
27,2018년 8월 5일 일요일 오전 1:26,그건말이쥐!!!~~~~~~~
28,2018년 8월 5일 일요일 오전 9:24,ㅋㅋㅋㅋㅋㅋㅋㅋㅋ딴소리안해도 웃긴 인강이었음
29,2018년 8월 5일 일요일 오전 9:25,분필 다뿌셔먹규
30,2018년 7월 26일 목요일 오후 5:14,임석현 적분처럼 파이팅 😆난 수학 못해서 포기할까 고민할 때 너 수학 노력하는 거 보고 대단하다 생각했었어ㅓ
31,2018년 7월 26일 목요일 오후 6:48,박서현 안인야으엄.슴.해... 슲퍼
32,2018년 7월 26일 목요일 오전 12:48,송호준 내가 X등급을 맞을수잇엇던 이유......
33,2018년 7월 26일 목요일 오후 10:12,김동현 추억이다..후 ㅋㅋㅋ
34,2018년 7월 26일 목요일 오후 10:23,자아~ 오늘은 엑써쌰이즈 푸는날인가용~!
35,2018년 8월 5일 일요일 오후 2:56,이운호 힘내라...우노짱
36,2018년 8월 5일 일요일 오후 4:28,아니 ㅋㅋㅋㅋㅋㅋㅋㅋ 이걸 왜 테그해 ㅡㅡ
37,2018년 7월 25일 수요일 오후 6:57,김건일 이거야 건일
38,2018년 7월 25일 수요일 오후 11:07,ㅎㅌ
39,2018년 7월 26일 목요일 오전 12:13,박대언 알았는가
40,2018년 7월 26일 목요일 오전 12:13,그 유체이탈인가 그 쌤이다
41,2018년 7월 26일 목요일 오전 12:15,
42,2018년 7월 31일 화요일 오후 3:04,정민정 내 고삼시절 웃음지뢰ㅋㅋㅋ 얼굴만 봐도 웃겨..
43,2018년 7월 27일 금요일 오후 12:17,죄송합니다 선생님... 다시 자리잡고 지키겠습니다. 약속드립니다.
44,2018년 7월 26일 목요일 오후 4:06,이영훈 갓석원 한 번 보고 가라
45,2018년 7월 26일 목요일 오후 4:10,난 내 자신 개씹오지게 믿는데 괜히 자퇴서 밖은게 아님 근데 노력은 쌓여서 고귀해지는데 석원이형 머리카락은 흠좀무...
46,2018년 7월 26일 목요일 오후 4:20,ㅋㅋㅋㅋㅋㅋㅋㅋㅋㅋㅋㅋㅋㅋㅋ민머리 대머리 맨들맨들 빡빡이
47,2018년 7월 26일 목요일 오후 4:27,돈이랑 머리카락 등가교환 안하네 이미 손쓸수 없는 상황이라서 그런건가
48,2018년 7월 26일 목요일 오후 5:07,허석 갑자기 생각났어 석아
49,2018년 7월 26일 목요일 오후 5:08,그만해 이 시발...;;
50,2018년 7월 26일 목요일 오후 5:08,목 닦으러간다
51,2018년 7월 26일 목요일 오후 5:08,안됔ㅋ미친놈앜ㅋㅋㅋㅋㅋ
52,2018년 7월 26일 목요일 오후 5:09,김경덕 해명이가 너래ㅜㅜ
53,2018년 7월 26일 목요일 오후 5:09,난 항상 응원해
54,2018년 7월 26일 목요일 오후 5:09,2대1로 한 번 뜨자
55,2018년 7월 26일 목요일 오후 5:09,야야 무리하지마
56,2018년 7월 26일 목요일 오후 5:10,둘다 함 뜨자
57,2018년 7월 26일 목요일 오후 5:11,워우 2대1이 이렇게...ㅋㅋ
58,2018년 7월 26일 목요일 오후 5:12,커몬😠
59,2018년 7월 26일 목요일 오후 5:12,귀엽네. 아주
60,2018년 7월 26일 목요일 오후 5:13,바리깡들고 찾아간다
61,2018년 7월 26일 목요일 오후 5:15,옆구리 뜯길 각오해라🤨
62,2018년 7월 26일 목요일 오후 5:15,ㅋㅋㅋㅋㅋㅋ미친놈
63,2018년 7월 26일 목요일 오전 2:18,구본희 ㅋㅋㅋㅋㅋㅋㅋㅋㅋㄹㅇ 띵 석원
64,2018년 7월 26일 목요일 오전 2:19,안녕하신깐석원임당 이 문제가 안풀려요 선생님! 하고 답지를 보는 너는 멍청이야! 바보야!
65,2018년 7월 25일 수요일 오후 7:22,전경수 한석원너무웃겨 너도이거봐
66,2018년 7월 25일 수요일 오후 9:45,최규한 우리 한석원 선생님 한 번 보고 공부하자
67,2018년 7월 25일 수요일 오후 10:11,그냥 드르르륵 안된다고 짜증나는거만 생각남ㅋㅋㅋㅋㅋㅋㅋㅋㅋㅋㅋㅋㅋㅋㅋ
68,2018년 7월 25일 수요일 오후 10:11,몰입이안된다ㅋㅋㅋㅋㅋㅋ
69,2018년 7월 29일 일요일 오후 1:57,김기란 내일부터 토즈 갈게요 ㅠㅠ
70,2018년 7월 29일 일요일 오후 2:00,ㅋㅋㅋㅋㅋㅋㅋㅋㅋㅋㅋㅋㅋㅋㅋㅋㅋㅋㅋㅋㅋㅋㅋㅋㅋㅋㅋㅋㅋㅋㅋㅋㅋㅋㅋㅋㅋㅋㅋㅋㅋㅋㅋㅋㅋ 어제 간식 개 맛없었다.. 듣보잡 쌀과자나옴
71,2018년 7월 29일 일요일 오후 2:00,극렴 주인장 아줌니 바뀌고부터 맘에 안 들어 ;
72,2018년 7월 29일 일요일 오후 2:00,최소 쿠크다스 정도는 나오자
73,2018년 7월 29일 일요일 오후 2:01,볼수도있다 조용히해라..
74,2018년 7월 29일 일요일 오후 2:01,어땠슈 금토일
75,2018년 7월 29일 일요일 오후 2:09,머무 좋아 ㅠㅠ
76,2018년 7월 29일 일요일 오후 2:09,강의 듣느라 울 뻔
77,2018년 7월 29일 일요일 오후 2:09,힘들어서
78,2018년 7월 29일 일요일 오후 2:09,조타
79,2018년 7월 29일 일요일 오후 2:15,ㅋㄱㅋㄱㅋㄱㅋㄱㅋㄱㅋㄱㅋㄱㅋㄱㅋㄱㅋㄱㅋㄱㅋㄱㅋㄲㅋㄱㅋㄱㅋㄱㅋㄱㅋㄱㅋㄱㅋㄱㅋㄱㅋㄱㅋㅋ
80,2018년 7월 25일 수요일 오후 8:02,하준권 왜 그냥 웃기냐 ㅋㅋㅋㅋ
81,2018년 7월 26일 목요일 오전 2:02,아니 슨생님
82,2018년 7월 26일 목요일 오전 2:03,!
83,2018년 7월 25일 수요일 오후 11:43,오주영 너가 좋아하는 그 분 아니냐
84,2018년 7월 25일 수요일 오후 11:44,킹 빡석원... 당신은 고급수학책....
85,2018년 7월 25일 수요일 오후 11:47,멋지시네
86,2018년 7월 25일 수요일 오후 11:48,개멋있지
87,2018년 7월 25일 수요일 오후 11:49,머리빛나는게 그의 멋짐에 비례해...
88,2018년 7월 25일 수요일 오후 9:36,민지그냥 병용쌤ㅋ ㄲ ㅋ
89,2018년 7월 25일 수요일 오후 11:45,민지들어봐쥬..
90,2018년 7월 25일 수요일 오후 11:46,ㅋㅋㄱㅋㅋㅋㅋㅅㅋㅋㅋ아 ㅅㅂㅋㄱㅋㄱㅋㄱㅋㄱㅋㅋ 약간 울컥했거든??? 근데 쌓이고 쌓이고 적분 배웠다아용! ㅇㅈㄹ해서 웃김ㅋㅋㄱㅋㅋㅋㅋㅋㅋㅋ
91,2018년 7월 25일 수요일 오후 11:47,그리고 장병용 ㅋㄱㅋㅅㅋㅅㅋㅋ쌤한테 가서 쌤 투잡 뛰어요 이리ㅛ다가 개혼났음ㅋㄱㅋㄱㅋㄱㅋㅌ
92,2018년 7월 25일 수요일 오후 11:47,ㅋ ㄱ ㅋ ㄱ ㄱ ㄱ아니 목소리랑 말투 개웃기댜고ㅠㅠ
93,2018년 7월 25일 수요일 오후 11:48,장병용쌤그냥 복붙임ㅜㅡㅡㅠㄲ ㄱ ㅋ ㄱ ㄲ ㄲ 안경도똑같음
94,2018년 7월 25일 수요일 오후 11:49,내멀잍ㄱㅋㄱㅋㄱㅋㅋㅋㅋ자기주도학습 !! ㅋㅅㅋㄱㅋㄱㅋㄱㅋㅋㅋㅋㅅㅂ
95,2018년 7월 25일 수요일 오후 11:52,"쌤아직도 아프리카안가셨을까,,"
96,2018년 7월 25일 수요일 오후 11:53,맨날 천날 잉글리쉬 준비중...
97,2018년 7월 25일 수요일 오후 11:53,쌤 이제 스피킹 한 10년 하신거ㅛ같은데 ㅋㅋㅋㅋㅋㅋㅋㅋ
98,2018년 7월 25일 수요일 오후 11:53,ㅋ ㅋ ㅋ ㄱ ㄱ역시 대단
99,2018년 7월 27일 금요일 오전 12:39,윤나은ㅋㅋㅋㅋㅋㅋㅋㅋㅋㅋㅋㅋㅋㅋㅋ
100,2018년 7월 27일 금요일 오후 10:29,ㅋㅋㅋㅋㅋㅋㄱㅋㅋㅋㅋㅋㅋㅋ
101,2018년 8월 5일 일요일 오전 2:14,신재욱 재욱이 베댓 보셈ㅋㅋㅋㅋㅋㅋㅋㅋㅋㅋㅆㅂ
102,2018년 7월 27일 금요일 오후 6:49,박동준 갑자기 떠서 개놀랫다
103,2018년 7월 26일 목요일 오전 7:03,김진휘 군대에서 보고 힘내
104,2018년 7월 26일 목요일 오후 4:51,장현규 파이팅해라..
105,2018년 7월 26일 목요일 오전 9:50,강준경 반성해라
106,2018년 7월 25일 수요일 오후 9:16,정지훈 아 공부하기 싫다~
107,2018년 7월 26일 목요일 오전 12:02,김서율 ㄱㅇ부하자
108,2018년 7월 27일 금요일 오전 12:29,유병우 광광우럭따..
109,2018년 7월 26일 목요일 오후 1:43,딴짓 그만두게 하는 분.... 이거 보고 핸드폰 맡기고 공부한다
110,2018년 7월 28일 토요일 오후 12:29,아...인생 최고의 선생님... 개념의 정립 알파테크닉
111,2018년 7월 26일 목요일 오전 12:20,정재연 우리는 스빌을 지킨다.
112,2018년 7월 26일 목요일 오전 12:35,당신이 당신을 믿는 그 믿음의 정도가 점수가 돼서 나타날 거에요
113,2018년 7월 26일 목요일 오전 12:35,개띵언이다 진짜
114,2018년 7월 27일 금요일 오후 7:04,김현중 호오와이팅
115,2018년 7월 26일 목요일 오전 2:10,"정희정 열심히 할게요ㅜ,,"
116,2018년 7월 25일 수요일 오후 6:31,송민석 ㅋㅋㅋㅋㅋㅋㅋㅋㅋㅋ
117,2018년 7월 25일 수요일 오후 6:32,갑자기 하기 싫어지네
118,2018년 7월 25일 수요일 오후 6:33,? 핑계 ㄴ
119,2018년 7월 26일 목요일 오전 12:37,최준빈 전력을다하시오
120,2018년 7월 26일 목요일 오전 8:39,네 석원쌤
121,2018년 7월 31일 화요일 오후 6:36,남재윤 ㅋㅋㅋㅋㅋㅋㅋㅋㅋㅋㅋㅋㅋㅋㅋㅋㅋㅋㅋㅋㅋㅋㅋㅋㅋㅋㅋㅋ 알텤!
122,2018년 7월 31일 화요일 오후 6:38,ㅋㅋ 석원센세 존나 오랜만이네
123,2018년 7월 31일 화요일 오후 6:39,남재윤 우리나라에서 분필을 제일 많이 부셔버리는 사람이지..
124,2018년 7월 31일 화요일 오후 6:44,멋있음 시바려나언제오냐 근데
125,2018년 7월 31일 화요일 오후 6:46,남재윤 ㅋㅋㅋ 이번에 9월에 잘하면 갈수있어엉 밥이라도 한끼하자
126,2018년 7월 31일 화요일 오후 7:29,오키 연락하소
1,2017년 3월 25일 토요일 오전 9:18,저랑 확통 붙어불래요? 인강 강사들 중에 나랑 수학 문제로 붙어볼 사람 언제든 연락주세요. 방송에서 붙어도 좋아요…더 보기
2,2017년 3월 25일 토요일 오후 1:37,박규빈 16 . 6 9 수능 올9617 . 6 9 수능 올 백 (나형) 이요
3,2017년 3월 25일 토요일 오후 9:09,현직 선생님이시닼
4,2017년 3월 25일 토요일 오후 9:25,저 사람이 시간 아깝게 머하러..
5,2017년 3월 26일 일요일 오후 12:09,이승혁ㅋㅋㅋㅋㅋ
6,2017년 3월 27일 월요일 오전 12:22,"강의를 많이 들어본 입장에서, 잘 푸는것과 잘 강의하는것은 다르다 생각해요!"
7,2017년 3월 24일 금요일 오후 5:50,김기범 이거 저분 아니냐?
8,2017년 3월 24일 금요일 오후 6:13,조영빈 확통은 김성은샘이 쩔짘ㅋㅋㅋㅋㅋㅋㅋ 돈주고 또 듣고 싶음 존나인도얘기 개웃겨
9,2017년 3월 26일 일요일 오전 10:24,문희준
10,2017년 3월 25일 토요일 오전 2:11,이현제 확통 기벡은 한석원!
11,2017년 3월 25일 토요일 오전 7:44,승범님만 믿는다
12,2017년 3월 25일 토요일 오전 11:01,ㅋㅋㅋㅋ그건 미적!
13,2017년 4월 15일 토요일 오전 11:48,이준호ㅋㅋㅋㅋㅋㅋㅋㅋㅋㅋㅋ
14,2017년 3월 24일 금요일 오후 5:56,인강강사가 된 이상 못가르치는 선생님이 어디겠습니까 다들 가르치는데에 달인이 되신 분들인데
15,2017년 3월 24일 금요일 오후 6:05,대학가라빨리
16,2017년 3월 24일 금요일 오후 6:19,김명환 나 잠시 대한민국을 떠나 생각좀 정리하고 올꺼다  대학따위
17,2017년 3월 24일 금요일 오후 6:40,개소리하지말곸ㅋㅋㅋㅋ
18,2017년 3월 24일 금요일 오후 6:46,김명환  나 내일 출국함 동남아쪽으로 가서 인도까지찍고 올꺼임
19,2017년 3월 24일 금요일 오후 6:47,뭔 뜬금없이 해외도피여ㅋㅋㅋㅋ
20,2017년 3월 24일 금요일 오후 6:47,김명환 1월달부터 부모님이랑 이미 상의끝났음
21,2017년 3월 24일 금요일 오후 6:48,가서머리식힐라고?
22,2017년 3월 24일 금요일 오후 6:48,김명환 머리도 식히고  내 견문을 넓히고 올꺼야
23,2017년 3월 24일 금요일 오후 6:49,글쎄난 그돈으로 다른걸할꺼같지만 니가 정한거니까 너무 유럽쪽으로가진말아라 내가아직 정규군인아니라서 is 한테서못지켜줌
24,2017년 3월 24일 금요일 오후 11:17,안상현 그립냐 이번주는 빡이다
25,2017년 3월 24일 금요일 오후 11:17,퇴사각이다...
26,2017년 3월 24일 금요일 오후 11:18,승진이어케됨
27,2017년 3월 24일 금요일 오후 11:18,살아는잇음?
28,2017년 3월 24일 금요일 오후 11:18,ㅋㅋㅋㅋ
29,2017년 3월 24일 금요일 오후 11:18,살아있움
30,2017년 3월 25일 토요일 오후 2:03,강민영야 승제쌤에서 갈아탈까 어떻게 생각함
31,2017년 3월 25일 토요일 오후 2:55,나는 안들어봐서 모르게뜸
32,2017년 3월 25일 토요일 오후 2:55,둘 다 들어본 애들한테 물어보장
33,2017년 3월 25일 토요일 오후 2:55,아니 정승제쌤 들어본 애들은 적은데 한석원 들은 애들은 더없음
34,2017년 3월 25일 토요일 오후 2:55,어떡하지😭
35,2017년 3월 25일 토요일 오후 2:56,금데 진짜 잘하신데
36,2017년 3월 25일 토요일 오후 2:56,누구 한석?
37,2017년 3월 25일 토요일 오후 2:58,ㄹㄹㅇㅇㅇㅇㅇ
38,2017년 3월 25일 토요일 오전 3:07,노영 확텅 난 승제찡이 좋던데
39,2017년 3월 25일 토요일 오후 4:44,난 인강을 안 들어서 어떤지 몰러ㅋㅋㅋ
40,2017년 3월 25일 토요일 오전 12:34,박준희 나이분 뭐랄까 짤이아닌걸로는 첨뵘ㅋㅋㅋㅋㅋㅋ걍 하트짤만생각나ㅋㅋㅋㅋㅋㅋ
41,2017년 3월 25일 토요일 오전 8:06,윤세민기분 그분 아니시더냐 수학에 심취해서 본인을 인수분해해버리신
42,2017년 3월 25일 토요일 오전 8:24,마쟝
43,2017년 3월 25일 토요일 오후 2:43,김상일 이런게 바로 매쓰섹시?
44,2017년 3월 25일 토요일 오후 2:44,저 섹시한 손을 봐라..
45,2017년 3월 25일 토요일 오후 2:46,ㄹㅇ 머리깎고싶다
46,2017년 3월 25일 토요일 오후 2:47,;; 그거 니 미래아님?
47,2017년 3월 25일 토요일 오후 2:47,시발새기
48,2017년 3월 25일 토요일 오전 12:38,자라나라 머리머리
49,2017년 3월 25일 토요일 오전 11:40,김채원 그만 자신을 인수분해하고마는데..!
50,2017년 3월 25일 토요일 오전 11:41,살려줘...욹겨서 배가너무아파
51,2017년 3월 25일 토요일 오전 11:44,ㅋㅋㅋㅋㅋㅋㅋㅋㅋㅋㅋㅋㅋㅋㅋㅋㅋㅋㅋㅋㅋㅋㅋㅋㅋㅋ
52,2017년 3월 25일 토요일 오전 1:15,김세민 우진이형이랑 맞다이하면 누가이김?
53,2017년 3월 24일 금요일 오후 8:26,한석원 너가 그렇게 확통을 잘 가르친다며?^^
54,2017년 3월 25일 토요일 오전 1:35,나한테 배울래?
55,2017년 3월 25일 토요일 오후 2:22,깐석원은 기벡이지;
56,2017년 3월 25일 토요일 오후 5:58,이재은 유체이탈선생님아니냐!?
57,2017년 3월 24일 금요일 오후 10:13,이준아 왜이러씨죠옹?!
58,2017년 3월 24일 금요일 오후 10:46,ㅋㅋㅋㅋㅋㅋㅋㅋㅋㅋㅋㅋㅋㅋ 나 그만 태그해ㅋㅋㅋㅋㅋㅋ 거의 이정도면 한석원
59,2017년 3월 24일 금요일 오후 10:50,ㅋㅋㅋㅋㅋㅋㅋㅋㅋㅋㅋㅋㅋㅋㅋㅋㅋㅋㅋㅋㅋㅋㅋㅋㅋㅋㅋㅋㅋㅋㅋㅋㅋㅋ나에게 고3준아는 한석원
60,2017년 3월 25일 토요일 오전 12:15,나 이제 진짜로 남자친구 사귈꺼니깐 이제
61,2017년 3월 25일 토요일 오전 12:15,잊어줘mbb
62,2017년 3월 25일 토요일 오후 7:37,이준성 어떻게생학ㄱ하냐
63,2017년 3월 25일 토요일 오후 7:47,빡빡이는 기벡이 짜세지
64,2017년 3월 25일 토요일 오후 7:48,ㅋㅋㅋㅋㅋㅋㅋㅋㅋㅋ
65,2017년 3월 25일 토요일 오전 2:35,정지수 솔직히 기벡아냐?
66,2017년 3월 25일 토요일 오전 12:18,김민재진짜 잘하거든~
67,2017년 3월 25일 토요일 오전 12:31,석원이는 기벡이다..
68,2017년 3월 26일 일요일 오후 4:33,신현기 너가 왜 여깄냐
69,2017년 3월 25일 토요일 오전 12:10,이성직 그렇다는데(
70,2017년 3월 25일 토요일 오전 12:20,응 까먹음 조
71,2017년 3월 24일 금요일 오후 5:51,곽선영ㅋㅋㅋㅋㅋㅋㅋㅋㅋㅋ
72,2017년 3월 24일 금요일 오후 5:52,별로니..?
73,2017년 3월 24일 금요일 오후 6:00,몰라 정승제만 들어봄ㅋㅋ
74,2017년 3월 24일 금요일 오후 6:34,이분 원종고3학년건물에포스터붙어잇슴ㅋㅋㅋㅋㅋ
75,2017년 3월 27일 월요일 오전 1:43,허성호 확통은 최수정!
76,2017년 3월 27일 월요일 오전 1:43,고거ㅇㅈ
77,2017년 3월 24일 금요일 오후 6:39,강민지 밍디듣던
78,2017년 3월 24일 금요일 오후 5:48,이재혁 김기표 킹승범 아님?
79,2017년 3월 24일 금요일 오후 5:52,난모름 ㅋㅋ
80,2017년 3월 24일 금요일 오후 5:52,수학공부안해봄 ㅋㅋ
81,2017년 3월 24일 금요일 오후 5:53,ㅋㅋ그러면안돼~
82,2017년 3월 24일 금요일 오후 9:12,이원형 ㅋㅋㅋㅋㅋㅋㅋㅋㅋㅋㅋㅋㅋㅋㅋㅋㅋㅋㅋㅋㅋㅋㅋㅋㅋㅋㅋㅋㅋㅋㅋㅋㅋㅋㅋㅋ
83,2017년 3월 25일 토요일 오후 2:05,윤규문 규문아 다시 도전해보자
84,2017년 3월 24일 금요일 오후 6:50,신유진 한석원 개쩌렁 }
85,2017년 3월 24일 금요일 오후 7:50,윤경록 듣고싶어지는데.....ㅋㅋㅋㅋㅋㅋㅋㅋㅋㅋㅋㅋㅋㅋㅋㅋㅋㅋㅋ
86,2017년 3월 24일 금요일 오후 5:59,문다솔 나 이쌤꺼 들음 ㅎ
87,2017년 3월 24일 금요일 오후 10:08,김형기빡빡이 수강생으로서 확통이냐 기벡이냐 근데 솔직히 확통은 우재쌤
88,2017년 3월 24일 금요일 오후 10:18,빡빡이 거른다 이제
89,2017년 3월 24일 금요일 오후 10:48,반수해^^
90,2017년 3월 24일 금요일 오후 9:20,고나영 확통은정승제 정확통
91,2017년 3월 24일 금요일 오후 9:39,당연방연.
92,2017년 3월 24일 금요일 오후 11:07,주형준 약간 지훈이형?
93,2017년 3월 25일 토요일 오전 12:48,윤ㅂㅅ아
94,2017년 3월 24일 금요일 오후 6:05,김한솔 우리 들어야할듯
95,2017년 3월 24일 금요일 오후 9:30,최성광 확통 개잘함?
96,2017년 3월 24일 금요일 오후 9:37,오진다 쌤 살더빠지셖네 ㅠㅠ
97,2017년 3월 24일 금요일 오후 6:53,명가은 ㅋㅋㅋㅋㅋㅋ
98,2017년 3월 24일 금요일 오후 6:57,"김옥선,,,"
99,2017년 3월 24일 금요일 오후 6:58,👍🏻👍🏻
100,2017년 3월 24일 금요일 오후 5:30,김용재 그러냐?
101,2017년 3월 24일 금요일 오후 5:30,내가어케암ㅋㅋㅋㅋㅋㅋㅋㅋㅋ
102,2017년 3월 24일 금요일 오후 9:51,김영현
1,2017년 3월 26일 일요일 오후 8:29,이 선생님 이신가?
2,2017년 3월 27일 월요일 오전 1:40,견찬우영광쌤 사업시작하셧냐
3,2017년 3월 27일 월요일 오전 1:44,ㅋㅋㅋㅋㅋㅋㅋㅋㅋㅋㅋㅋㅋㅋㅋㅋㅋㅋㅋㅋㅋㅋㅋㅋㅋㅋㅋㅋㅋㅋㅋㅋㅋㅋㅋㅋㅋㅋㅋㅋㅋㅋㅋㅋㅋㅋㅋㅋㅋㅋㅋㅋㅋㅋㅋㅋㅋㅋㅋㅋㅋㅋㅋㅋㅋㅋㅋㅋㅋㅋㅋㅋㅋㅋㅋ
4,2017년 3월 27일 월요일 오전 1:44,나는진짜영광쌤인줄알았어
5,2017년 3월 27일 월요일 오전 1:45,이사람 수학 탑 3임
6,2017년 3월 27일 월요일 오전 7:12,ㅋㅋㅋㅋㅋㅋ촌나똑같네
7,2017년 3월 26일 일요일 오후 7:08,이홍주ㅋㅋㅋㅋㅋㅋㅋㅋㅋㅋㅋㅋㅋㅋㅋㅋ
8,2017년 3월 26일 일요일 오후 7:09,그만사ㅋㅋ
9,2017년 3월 26일 일요일 오후 11:24,깐석원 ㅋㅋㅋㅋㅋㅋ웃대의 주인공
10,2017년 3월 26일 일요일 오후 9:35,머리에알파..
11,2017년 3월 27일 월요일 오전 9:06,송채린 사랑해요 한석원
12,2017년 3월 27일 월요일 오전 11:05,선생님 저는 확률과 통계를 제일 못해요
13,2017년 3월 27일 월요일 오전 11:05,췌린이는 학교나와
14,2017년 3월 27일 월요일 오전 11:46,보고시퍼뮤너링
15,2017년 3월 26일 일요일 오후 11:13,기백갓아니심?
16,2017년 3월 26일 일요일 오후 10:08,ㅅㅂㅋㅋㅋㅋㅋㅋㅋㅋㅋ 깐통은..^^
17,2017년 3월 26일 일요일 오후 4:04,자라나라 머리머리
18,2017년 3월 26일 일요일 오전 1:35,안채은 츤사야 츤사
19,2017년 3월 29일 수요일 오후 11:12,후덜돌덜덜덜
20,2017년 3월 26일 일요일 오후 8:01,김영준 뭐뭐뭐뭐라고?
21,2017년 3월 26일 일요일 오후 10:28,알파테크닉 갖다버림...
22,2017년 3월 26일 일요일 오후 7:38,강정민 나 미적분 버리고 확통시작함
23,2017년 3월 26일 일요일 오후 7:40,이 쌤 인강?
24,2017년 3월 26일 일요일 오후 8:46,ㄴ 니꺼메가스터디 계정
1,2018년 1월 5일 금요일 오후 2:35,하나하나 들어보고 따로 끊는게 낫지않나
2,2018년 1월 5일 금요일 오후 2:36,저는 현우진샘 좋아요
3,2018년 1월 5일 금요일 오후 2:39,킹갓제네럴마제스티충무공엠페러 이띵학 ㄱ
4,2018년 1월 5일 금요일 오후 3:23,메가 기기
5,2018년 1월 5일 금요일 오후 3:49,갠적으로 명학T>>정식T
6,2018년 1월 5일 금요일 오후 4:00,대성마이맥
7,2018년 1월 5일 금요일 오후 4:08,"3학년이라면 우선 현우진, 근데 본인이 1등급이다 그러면 한석원도 괜츈"
8,2018년 1월 5일 금요일 오후 4:16,닥전이요
9,2018년 1월 5일 금요일 오후 6:51,영어에서 닥후
10,2018년 1월 5일 금요일 오후 10:38,이지환당연히 이명학 아닙니까?
11,2018년 1월 7일 일요일 오후 5:21,이명학
12,2018년 1월 8일 월요일 오전 12:26,이투스 정승제.....
13,2018년 7월 31일 화요일 오후 6:53,Bae Yi Chae 현타와ㅠㅠ
14,2018년 7월 31일 화요일 오후 7:28,임소영엉엉😭
15,2018년 7월 25일 수요일 오전 12:50,정선 love u
16,2018년 7월 25일 수요일 오전 10:55,조서인
17,2018년 7월 21일 토요일 오후 4:20,이건 이렇게라도 해 ㅂㅅ아 동산고에서 남자 한 명 찾으라고;
18,2018년 7월 22일 일요일 오전 1:16,서연 이런거 보면 연애세포생겨
19,2018년 7월 23일 월요일 오후 11:23,우민희 너 언제 찍을거냥
20,2018년 7월 25일 수요일 오후 2:22,김민수 난민증도 교복이고 면허증도교복인데 ㅋㅋㅋㅋㅋㅋㅋㅋㅋㅋ
1,2018년 5월 14일 월요일 오후 10:08,최동현 ???: 둘다 수학 잘 몰라요
2,2018년 5월 14일 월요일 오후 10:19,갓보고싶다ㅠㅠㅠㅠㅠㅠㅠㅠㅠ
3,2018년 5월 14일 월요일 오후 10:20,김우석 사진찾는 중이다... 좀만 ㄱㄷ
4,2018년 5월 14일 월요일 오후 10:24,XXX: 걔가 이런거 알것같니?
5,2018년 5월 16일 수요일 오전 1:51,이채형이요
6,2018년 5월 18일 금요일 오후 11:39,역시 그의 수제자
7,2018년 5월 14일 월요일 오후 10:06,신희경 두유노우 현대고 현우진 빠순이? 현우진 이즈 갓❣️
8,2018년 5월 14일 월요일 오후 10:12,ㅋㅋㅋㅋㅋ난 인강안들어소...........
9,2018년 5월 14일 월요일 오후 10:13,진짜 현우진 강의 들어야돼 인생 명강의야
10,2018년 5월 14일 월요일 오후 10:18,고롷냥....
11,2018년 5월 15일 화요일 오전 12:26,최영조 안녕하십니깐석원입니당 오늘은 엑썰사이즈문제 뭐 뭐라구?
12,2018년 5월 15일 화요일 오전 12:33,뭐뭐머ㅓ머머머머 뭐라공? 구하라고 하기를 우리보고 구하랩니당  아니 선생님 왜 지랄이십니까 ? 이런 망할 -'지랄 뽕 ! 짬뽕! 자동빵! 꽝쓰!되죠 그죵?
13,2018년 5월 14일 월요일 오후 10:22,이창은 ㅇㅊㅎ이요
14,2018년 5월 14일 월요일 오후 10:23,갓채형이요
15,2018년 5월 15일 화요일 오후 8:17,수학은 고정민이지~ㅋㅋㅋ이강후 안재혁 김강현
16,2018년 5월 16일 수요일 오전 12:33,갓정민!!
17,2018년 5월 15일 화요일 오전 1:07,완수 ㄱㄱ
18,2018년 7월 22일 일요일 오후 11:35,이강재 한석원
19,2018년 5월 14일 월요일 오후 11:33,장연재 ㅋ
20,2018년 5월 14일 월요일 오후 11:34,ㅋ 비교가되냐
21,2018년 5월 14일 월요일 오후 11:35,머머리 핥짝
22,2018년 5월 14일 월요일 오후 11:35,;;이건 아니지
23,2018년 5월 14일 월요일 오후 11:36,서울언제옴?
24,2018년 5월 14일 월요일 오후 11:37,내년 ㅎㅅㅎ
25,2018년 5월 14일 월요일 오후 11:38,;; 고향적응완료했네
26,2018년 5월 14일 월요일 오후 10:19,유종현
27,2018년 5월 14일 월요일 오후 11:25,이채형이지
28,2018년 8월 5일 일요일 오전 2:19,저요🖐️
29,2018년 8월 5일 일요일 오전 2:00,저여
30,2018년 8월 5일 일요일 오전 2:19,문정윤  헐ㄹㄹ 잃어버렸어????
31,2018년 8월 5일 일요일 오전 12:37,제발찾아주세요 ..... 꼭
32,2018년 8월 5일 일요일 오전 2:29,문과네 이선배님
33,2018년 8월 4일 토요일 오후 11:37,이윤재 아 딱 하루 안갔는데 그 사이에 핫플이...
34,2018년 8월 5일 일요일 오전 12:04,고3자습실제발  웃음소리  그만나길부탁한다
35,2018년 8월 4일 토요일 오전 2:01,김현우 정신차려요 증말 ~
36,2018년 8월 5일 일요일 오후 1:08,윤지후 야 갈래?
37,2018년 8월 1일 수요일 오전 2:06,프린스송한테 델꼬오세요
38,2018년 8월 1일 수요일 오전 1:52,정예린 곤쥬님 어디계세요
1,2017년 5월 14일 일요일 오후 6:48,김다인 지학 현강1타는 수강생수로보나 실적으로보나 홍은영쌤 ㅇㅈ?
2,2017년 5월 14일 일요일 오후 7:54,지2 홍은영쌤반 4평 반 이상 만점~
3,2017년 5월 14일 일요일 오후 7:13,어디서 누구한테 듣던 제대로하는 학생 본인이 1타임
4,2017년 5월 14일 일요일 오후 8:28,물1물2 김덕근
5,2017년 5월 14일 일요일 오후 8:43,ㄹㅇㅍㅌ 갓떠끈 찬양경배해
6,2017년 5월 14일 일요일 오후 8:44,외쳐 갓더끈
7,2017년 5월 14일 일요일 오후 8:44,'자 얘들아~ 이제 그만 자고 일어나자~!'
8,2017년 5월 14일 일요일 오후 10:54,제가하는말을 깊게생각하시면안돼요
9,2017년 5월 14일 일요일 오후 7:01,화1 박상현
10,2017년 5월 14일 일요일 오후 7:18,인정합니다 우리 후배님들 많이많이 듣고 선배들 재수좀 대박터트려줘
11,2017년 5월 14일 일요일 오후 7:19,화1 박상현미만잡이지
12,2017년 5월 14일 일요일 오후 7:45,상현...
13,2017년 5월 14일 일요일 오후 7:46,저같이 머리가좋지않으면 박상현쌤 힘들지않나요
14,2017년 5월 14일 일요일 오후 7:53,띠용 아니에용
15,2017년 5월 15일 월요일 오후 6:18,박상현쌤화학 너무 어려운것...
16,2017년 5월 15일 월요일 오후 6:18,그냥 화학이어려운거군요
17,2017년 5월 14일 일요일 오후 7:59,김휘태 Kong Seok Kyu 나는 당당하게 말할수 있다 수학은 양진영이 1타지
18,2017년 5월 15일 월요일 오전 7:58,이새낔ㅋㅋㅋ
19,2017년 5월 15일 월요일 오전 7:41,국어 일타는 김봉소다
20,2017년 5월 15일 월요일 오전 10:00,근데 너무많이듣는거아냐?ㅋㅋㅋㅋㅋㅋㅋㅋㅋ
21,2017년 5월 15일 월요일 오전 10:01,돈1타로 젤많이쓸듯...
22,2017년 5월 14일 일요일 오후 9:30,갓선묵!
23,2017년 5월 14일 일요일 오후 9:38,석원이가 인강도 현강도 1타입니다고민규
24,2017년 5월 15일 월요일 오후 12:37,맹지은 휘휘 ...
25,2017년 5월 15일 월요일 오후 2:31,오..! 우리때랑 비슷하네~?!
26,2017년 5월 14일 일요일 오후 7:45,화1 기상호 생1 박지향
27,2017년 5월 14일 일요일 오후 7:20,노승원 우리 빡은 왜 현강 1타아니냐 ㅡㅡ
28,2017년 5월 14일 일요일 오후 10:29,시험봐서 들어가잖아 핑시나
29,2017년 5월 14일 일요일 오후 10:37,미안....;;돈트 비 씨리어스 맨~
30,2017년 5월 14일 일요일 오후 7:59,영어 채찬희라고 나도 당당하게 말할수있어구본희
31,2017년 5월 15일 월요일 오전 2:50,갓광일♥ 영원한 내마음속 1타 그대이름은 박.광.일💞
32,2017년 5월 14일 일요일 오후 6:46,문찬 지1 갓지혁 없는거 실화?
33,2017년 5월 14일 일요일 오후 6:54,ㅋㅋㅋ갓지혁..ㅜ지금보고잇다ㅎㅎ
34,2017년 5월 14일 일요일 오후 6:54,오우...나도듣는중
35,2017년 5월 14일 일요일 오후 6:55,너 6월모평 학교에서봄?
36,2017년 5월 14일 일요일 오후 7:34,노노..하건에서ㅋㅋ
37,2017년 5월 14일 일요일 오후 7:36,ㄲㅂ...태겸쌤보고옴 ㅎㅎ
38,2017년 5월 14일 일요일 오후 7:58,수학 양진..영?구본희
39,2017년 5월 14일 일요일 오후 8:00,와 나도 6평보고싶다ㅜ
40,2017년 5월 14일 일요일 오후 8:01,미국 안되나?
41,2017년 5월 14일 일요일 오후 8:06,그게..... 없더라고........
42,2017년 5월 14일 일요일 오후 8:16,한국 와서 보고가
43,2017년 5월 15일 월요일 오후 7:10,?
44,2017년 5월 14일 일요일 오후 10:42,박지호 화학은기상호
45,2017년 5월 14일 일요일 오후 9:10,양서정지훈쌤현강도짱이지않앗엇뉘?
46,2017년 5월 14일 일요일 오후 10:43,마자 진짜 오지훈쌤은 사랑입니당
47,2017년 5월 14일 일요일 오후 6:52,소예진 야야 이거바바 물리랑화학은 취급도안해준다ㅠㅠ
48,2017년 5월 14일 일요일 오후 7:09,ㅋㅋㅋㅋ
49,2017년 5월 14일 일요일 오후 7:10,지구과학은 하늘과 땅을 다루는 심오한 과목이랬지 내가?!
50,2017년 5월 14일 일요일 오후 8:44,역시 대세는 얼th싸이언스인가..ㅋ
51,2017년 5월 14일 일요일 오후 8:45,내머리로는 그런심오한 과목은 못하니깐 만만한 물리할게:)
52,2017년 5월 14일 일요일 오후 8:49,😆😆😆😆😆
53,2017년 5월 14일 일요일 오후 11:10,이걸 왜 적고있는지ㅋㅋㅋ
54,2017년 5월 14일 일요일 오후 11:25,ㅇㅈ
55,2017년 5월 14일 일요일 오후 9:18,양예빈 우와 이민규쌤 아직도 1타인가봐
56,2017년 5월 15일 월요일 오전 7:49,역시 이민규쌤👍👍멘탈관리도 일타얌
57,2017년 5월 14일 일요일 오후 8:52,석원이가 머리는 1타
58,2017년 5월 14일 일요일 오후 11:45,고민지 물화는 왜ㅠ 화학은 정훈구쌤이 꼼꼼하고 지학은 오지훈쌤이랑 엄영대쌤!
59,2017년 5월 15일 월요일 오전 12:36,갓민철...
60,2017년 5월 15일 월요일 오후 2:32,화학 물리는?ㅠ
61,2017년 5월 14일 일요일 오후 11:30,"화학은 갓-윤희, 국어는 갓- 이도"
62,2017년 5월 16일 화요일 오전 1:00,수학은 신승범입니다
63,2017년 5월 16일 화요일 오전 1:01,ㅇㅈ
64,2017년 5월 16일 화요일 오전 1:02,야 나 내일 7시 기상이다
65,2017년 5월 16일 화요일 오전 1:03,독ㅋ서ㅋ실ㅋ짤ㅋ렸ㅋ다ㅋ며ㅋ
66,2017년 5월 16일 화요일 오전 1:04,ㄷㅊ
67,2017년 5월 16일 화요일 오전 1:04,공ㅋ부ㅋ어ㅋ디ㅋ서ㅋ하ㅋ게ㅋ
68,2017년 5월 16일 화요일 오전 1:04,버블버블~
69,2017년 5월 16일 화요일 오전 1:05,한석원 갖다버리세요 수학은 독학입니다
70,2017년 5월 16일 화요일 오전 1:05,시립도서관이 있는데~~
71,2017년 5월 16일 화요일 오전 1:05,이우진처리해라;;
72,2017년 5월 16일 화요일 오전 1:06,욱성 산책하고 싶엌ㅅ는데 정말 아쉽다
73,2017년 5월 16일 화요일 오전 1:07,뷁
74,2017년 5월 16일 화요일 오전 1:10,준영이 알텍 접엇누
75,2017년 5월 16일 화요일 오전 1:11,설명 개목함 독학이빨르듯
76,2017년 5월 16일 화요일 오전 1:11,작심몇일
77,2017년 5월 16일 화요일 오전 1:17,민재 오늘 축구잘봣어 ^^
78,2017년 5월 15일 월요일 오전 12:57,현우진 빠돌이네
79,2017년 5월 14일 일요일 오후 7:42,왜 정승제 안넣어줘요... ㅠㅠ
80,2017년 5월 14일 일요일 오후 7:20,박준형ㅇㄱㄹㅇ 팩트다
81,2017년 5월 14일 일요일 오후 7:44,ㅋㅋㅋㅋ우리도영스왜없노!
82,2017년 5월 14일 일요일 오후 7:38,조아현우리 기봄이 어디감
83,2017년 5월 15일 월요일 오전 1:26,물리화학이 없네.. 내사랑 훈구티쳐도 없잖아ㅠㅠ 한종철쌤은 있군❣️
84,2017년 5월 15일 월요일 오전 12:54,김도연민인식한석원 현강 1타 뺏김??ㅋㅋㅋㅋ
85,2017년 5월 15일 월요일 오전 1:03,키야 발언 개쌔 ㅋㅋㅋㅋㅋ
86,2017년 5월 15일 월요일 오전 1:03,다 쎄게 하려다 순화한거임
87,2017년 5월 15일 월요일 오후 11:24,ㄷㄷㄷㄷ
88,2017년 5월 15일 월요일 오후 11:24,즉당히해야대
89,2017년 5월 15일 월요일 오후 11:25,설마 이주영씨?
90,2017년 5월 15일 월요일 오후 11:27,음..모르겟다ㅋㅋ
91,2017년 5월 14일 일요일 오후 8:40,이찬희강동현무슨 피파 스쿼드 짜는거같네
92,2017년 5월 14일 일요일 오후 8:55,ㅋㅋㅋㅋㅋㅋ 소름돋는게 나 저거 생1지1 빼고 다들어봄ㅋㅋㅋㅋㅋㅋㅋㅋㅋ
93,2017년 5월 15일 월요일 오후 1:27,ㅋㅋㅋㅋㅋㅋ
94,2017년 5월 15일 월요일 오후 2:56,서성호 <진짜>냐?
95,2017년 5월 14일 일요일 오후 8:10,류승현 어떻게 생각하냐
96,2017년 5월 14일 일요일 오후 8:11,팩트임
97,2017년 5월 14일 일요일 오후 8:12,박지향빼고 다 내가 말한대로잖아
98,2017년 5월 14일 일요일 오후 8:13,지학은 둘중 누가낫냐
99,2017년 5월 14일 일요일 오후 8:13,영대지
100,2017년 5월 14일 일요일 오후 7:28,권원규 갓상현 실화냐?
101,2017년 5월 14일 일요일 오후 7:31,화1은 기상호
102,2017년 5월 14일 일요일 오후 7:32,ㅋㅋㅋ 화학은 기상호 추억
103,2017년 5월 14일 일요일 오후 7:32,다시듣고싶은데 쪽팔려서못가겠다
104,2017년 5월 14일 일요일 오후 8:01,상호 보고 싶다ㅎ
105,2017년 5월 14일 일요일 오후 9:33,조교까엿으면 ㅇㄱㄹ좀
106,2018년 2월 16일 금요일 오전 1:56,"#관리자 #공지 #구글제보_서비스_개시대치동 대신 전해드립니다에 제보할 때 관리자에게 이름을 보이기 부담스러운 분들을 위해 마련한 제보방식입니다. 해당 제보는 관리자 조차도 제보자를 알 수가 없어 익명성 보장이 더 완벽하게 됩니다. 다만 해당 제보방식은 접근성이 떨어져 일반 메시지 제보처럼 수시로 올리기 힘듭니다. 따라서 구글제보는 매 주말중 한 번만 올릴예정이며, 이에따라 게시시간은 오래 걸린다는 점을 미리 말씀드립니다. 또한 해당 제보방식은…더 보기"
107,2018년 6월 28일 목요일 오후 6:11,항상 수고 많으십니다
108,2018년 8월 6일 월요일 오후 11:50,양지원 정건우
109,2018년 8월 6일 월요일 오후 11:19,노승서 얘 개웃긴데 친구없어여
110,2018년 8월 6일 월요일 오후 11:05,하영 너찾는댕
111,2018년 8월 6일 월요일 오후 10:26,니저나언제돼아니저나언제대냐고!!ㅅㅂ넘아대답안해??…더 보기
112,2018년 8월 6일 월요일 오후 9:56,김형석 시발년아 대답안해?뒤지고싶냐나 지금 타자치기 귀찮아서ㅋ…더 보기
1,2018년 6월 12일 화요일 오후 9:03,1인극 ㅆㅅㅌㅊ
2,2018년 6월 13일 수요일 오전 12:01,오현주 커엽...
3,2018년 6월 13일 수요일 오후 2:15,김자은 솔직히 수학하면 한석원이지 너도 빨리들어봐
4,2018년 6월 17일 일요일 오후 4:34,유은해 이분이다 레전드란 그런것
5,2018년 6월 17일 일요일 오후 4:35,어 ??김지혜닼ㅋㅋㅋㅋㅋㅋ
6,2018년 6월 12일 화요일 오후 9:28,이러니 한석원이 1타강사지 진짜 최고다
7,2018년 6월 12일 화요일 오후 9:32,니 어디냐?
8,2018년 6월 12일 화요일 오후 9:35,치과갔다가 방금 집옴
9,2018년 6월 13일 수요일 오전 2:28,
10,2018년 6월 13일 수요일 오전 1:11,김효준 만보다 원이 재밌어
11,2018년 6월 13일 수요일 오전 1:21,근엄.진지.대머리.
12,2018년 6월 13일 수요일 오전 1:21,ㅋㅋㅋㅋㅋㅋㅋㅋㅋ
13,2018년 6월 13일 수요일 오전 1:21,오늘 수업 째고 머했음???
14,2018년 6월 13일 수요일 오전 1:22,스터디벅스가서 공.부.했다
15,2018년 6월 13일 수요일 오전 1:22,와......
16,2018년 6월 13일 수요일 오전 1:23,ㅋㅋㅋㅋㅋ미뗬ㄴ
17,2018년 6월 13일 수요일 오전 1:23,크 근데왜 성적이 오를것같지가 않냐이거
18,2018년 6월 13일 수요일 오전 1:23,머랰ㅋㅋㅋㅋ개잘볼듯ㅋㅋㅋ스벅 맨날가자너
19,2018년 6월 13일 수요일 오전 1:23,생물8등급 따놓은 당상
20,2018년 6월 13일 수요일 오전 1:24,아 개어렵더라 생물 ㄹㅇ
21,2018년 6월 13일 수요일 오전 1:24,버리면 편해
22,2018년 6월 13일 수요일 오전 1:24,ㅋㅋㅋㅋㅋㅋㅋ안돼ㅠㅠㅠㅠㅠ
23,2018년 6월 13일 수요일 오전 1:25,작년에 화학 ㅈ됬는데 물리 중간 던졌자너
24,2018년 6월 13일 수요일 오전 1:25,생물버리고 한문공부 등가교환 ㅆㅅㅌㅊ
25,2018년 6월 13일 수요일 오전 1:25,옼케잌ㅋㅋㅋㅋㅋㅋㅋㅋ
26,2018년 6월 13일 수요일 오전 1:26,한문버리고 생물공부 등가교환 ㅆㅅㅌㅊ
27,2018년 6월 13일 수요일 오전 1:26,한문 하나도 모르게쒀요
28,2018년 6월 13일 수요일 오전 1:26,둘다버리고 물리 챙기자
29,2018년 6월 13일 수요일 오전 1:27,아.....오바얌 물리 중간땜에 다맞아도 4등급일듯
30,2018년 6월 13일 수요일 오전 1:27,아 잠만 생물 8뜨면 종합7인데? 잠만
31,2018년 6월 13일 수요일 오전 1:29,설마 8이겠어
32,2018년 6월 13일 수요일 오전 1:30,석만이가 도와줄거야!!
33,2018년 6월 13일 수요일 오전 1:30,석만이가 생물을......???
34,2018년 6월 13일 수요일 오전 1:31,수학만 1받자 커버된다
35,2018년 6월 13일 수요일 오전 1:31,오늘처럼 이상한 수업이 잡힌다면....수업 째기-시간 이득-생물 공부-성적 상승
36,2018년 6월 13일 수요일 오전 1:31,가능하네
37,2018년 6월 13일 수요일 오전 1:32,구욷
38,2018년 6월 13일 수요일 오전 1:32,역시 수학 1을 꿈꿀수 있는 남자 1레벨 클라스
39,2018년 6월 13일 수요일 오전 1:33,앗... 주변이 다 1등급 3만떠도 꼴찌인 드러운 인생
40,2018년 6월 13일 수요일 오전 1:34,하.....ㅋㅋㅋㅋㅋㅋㅋ
41,2018년 6월 12일 화요일 오후 10:32,재원 가형 재원 ㄱㄱ
42,2018년 6월 12일 화요일 오후 11:06,미안한데 나형 21번도 쩔쩔맨ㄷㅏ
43,2018년 6월 12일 화요일 오후 11:07,너1떳냐?
44,2018년 6월 12일 화요일 오후 11:33,ㅋㅋ 닥쳐
45,2018년 6월 12일 화요일 오후 9:57,김성우 여따 좋아요좀 난주보개
46,2018년 6월 13일 수요일 오전 3:18,허수연이사람보면 아직도 두근해
47,2018년 6월 13일 수요일 오전 3:19,ㅋㅋㅋㅋㅋㅋㅋㅋㅌㅌㅋㅋㅋㅋ잌ㅋㅋㅋㅋㅋㅋㅋㅋ
48,2018년 6월 12일 화요일 오후 10:41,진짜 대박이다. ..
49,2018년 6월 13일 수요일 오전 2:13,김동혁말투 ㅈㄴ빡치네 저걸 어뜩케듣냐
50,2018년 6월 13일 수요일 오전 2:14,인성 왜그래
51,2018년 6월 13일 수요일 오전 2:15,아니 발음이 약해졌다가 갑자기 이랰ㅅ어ㅛ!!!!하면서
52,2018년 6월 13일 수요일 오전 2:15,못들어
53,2018년 6월 13일 수요일 오전 2:20,저분 스톼일
54,2018년 6월 13일 수요일 오전 2:21,ㅇ
55,2018년 6월 13일 수요일 오후 4:34,저분 우선쌤이 추천해줌
56,2018년 6월 13일 수요일 오후 4:38,그래 잘가르친ㄷ
57,2018년 6월 12일 화요일 오후 8:39,남궁용 공부하자
58,2018년 6월 13일 수요일 오전 1:49,유규태 똑바로 공부하라고
59,2018년 6월 12일 화요일 오후 11:49,지도 막 크리티컬포인트만들고 지랄하면서....그건... 기출이 들어갔어요오오옷!!
60,2018년 6월 17일 일요일 오전 3:41,박원빈 존나 강의력 개오지신다니까 이분
61,2018년 6월 19일 화요일 오전 1:47,이새끼 이해한척하네 ㅋㅋㅋㅋㅋ
62,2018년 6월 12일 화요일 오후 10:55,조민규우리의 내년을 책임져주신다 ㄷㄷ
63,2018년 6월 12일 화요일 오후 10:58,저거 한문제를 설명하기위한 26분 ㄷㄷ
64,2018년 6월 13일 수요일 오전 9:16,19번이 이렇게 될줄은...ㅜ
65,2018년 6월 13일 수요일 오전 4:39,아니 선생님!
66,2018년 6월 12일 화요일 오후 11:42,송정은이분......^^
67,2018년 6월 12일 화요일 오후 11:43,약간 무섭지만 들어봐야징...^*^
68,2018년 6월 12일 화요일 오후 11:19,박혜빈지린다갓석원..
69,2018년 6월 12일 화요일 오후 9:58,주진혁  좋아요~
70,2018년 6월 15일 금요일 오후 11:30,1인극
1,2018년 7월 2일 월요일 오전 3:01,임승원 유얼센세
2,2018년 7월 2일 월요일 오전 9:08,오늘 이시간에는/ 공간벡터뭐?ㅁ머머뭐라고? 공.간.벡.터.아니 선생님 벡터도 어려워 디지겠는데 공간벡터라니요…더 보기
3,2018년 7월 2일 월요일 오후 1:22,임승원 무플방지위원회에서 나왔습니다
4,2018년 7월 2일 월요일 오후 1:23,ㄹㅇ 한석원본사람이면 이거보고 안웃을수가 없는뎅 ㅜ
5,2018년 7월 2일 월요일 오후 1:51,ㅜㅜ
6,2018년 7월 1일 일요일 오후 5:04,정형진이쉬운걸 틀리다니..
7,2018년 7월 1일 일요일 오후 5:06,너도어제2개틀렷ㄷ자나
8,2018년 7월 1일 일요일 오후 5:07,뀨???????
9,2018년 7월 1일 일요일 오후 5:07,전화왜안받아
10,2018년 7월 1일 일요일 오후 5:10,휴식중이야
11,2018년 7월 1일 일요일 오후 5:28,딸딸이치는중?
12,2018년 7월 1일 일요일 오후 5:29,"나이가몇인데,,추잡스러운놈"
13,2018년 7월 1일 일요일 오후 5:29,슈밯오디요
14,2018년 7월 1일 일요일 오후 5:09,내려찌그라고 그냥 썅!!
1,2018년 5월 26일 토요일 오전 6:50,이종원 그와 두번째 만남.... 머멈멈머 머라꼬?
2,2018년 5월 26일 토요일 오후 12:52,ㅋㅋㅋㅋㅋㅋㅋㅋㅋㅋㅋ털츄다
3,2018년 5월 27일 일요일 오전 1:29,김자은 너도 빡티세계로 들어오는건어때?올땐막들어와도 나갈땐 마음대로 못나간단다
4,2018년 5월 26일 토요일 오전 7:01,설재욱  6월 6일까지 !
5,2018년 5월 26일 토요일 오전 8:30,들어봐야쥥☺️
6,2018년 5월 26일 토요일 오전 7:53,안녕하십깐석원입니다.
7,2018년 5월 26일 토요일 오전 8:19,개때잡-크포 안정적1커리
8,2018년 5월 26일 토요일 오전 3:04,갓ㅡ석원
9,2018년 5월 26일 토요일 오전 3:08,그섹시한분아니가
10,2018년 5월 26일 토요일 오전 3:08,맞아 ^^ 내 전 롤모델이었던
11,2018년 5월 26일 토요일 오전 9:43,어준호빡쌤 안들어볼래?ㅋㅋㅋㅋ
12,2018년 5월 26일 토요일 오전 9:44,ㅋㅋㅋㅋ들어야지
13,2018년 6월 2일 토요일 오후 5:06,신경진 이럴거면 올패스는 왜 하라는거야 짜즁나즁말
14,2018년 6월 2일 토요일 오후 5:07,???
15,2018년 6월 2일 토요일 오후 5:13,교재만 팔아도 돈 많이번다 이말인가
16,2018년 5월 26일 토요일 오전 2:50,김상우 군대에서 석원형님 강의나 들어라
17,2018년 5월 26일 토요일 오전 8:23,뒤질라고
18,2018년 5월 26일 토요일 오전 2:50,드디어... 오오
19,2018년 5월 26일 토요일 오후 5:11,주교연 주교연 전강좌 무료!
20,2018년 5월 26일 토요일 오후 7:51,민머리 대머리 맨들맨들 빡빡이 !
21,2018년 5월 26일 토요일 오후 8:54,=> 주교연
22,2018년 5월 26일 토요일 오전 7:44,백대성 널 부르신다
23,2018년 5월 26일 토요일 오전 8:29,회원가입하기귀찬음 이거 또 책팔아먹으려고 하능거^^
24,2018년 6월 1일 금요일 오후 6:42,이승후 승후 빡티홈가면 1등급다짐해서 1받으면 실모랑 크포교재준대 다짐하러가ㄱㄱ
25,2018년 6월 1일 금요일 오후 6:44,크흠 1등급이.....  ㅋㅋ 쨌든 ㄱㅅ
26,2018년 6월 1일 금요일 오후 9:45,ㅋㅋ사실나도 크흠..
27,2018년 6월 1일 금요일 오후 9:45,6평끝나고보자
28,2018년 5월 26일 토요일 오후 12:58,김병선안광지배철의 배타테크닉
29,2018년 5월 26일 토요일 오전 11:44,이민관 그립다 석원이 들을까
30,2018년 5월 26일 토요일 오전 11:47,ㅋㅋㅋㅋㅋㅋㅋㅋㅋㅋ
31,2018년 5월 26일 토요일 오전 11:47,재밋긴하지
32,2018년 5월 26일 토요일 오전 11:51,배성민도 좋음
33,2018년 5월 26일 토요일 오전 7:16,김경현 너꺼아니냐
34,2018년 8월 3일 금요일 오후 3:09,남시현 황준용 정문규 ㅋㅋㅋㅋㅋㅋㅋㅋㅋㅋ좌파강사 ㅇㅈㄹㅋㅋㅋㅋㅋㅋㅋ개웃기다
35,2018년 8월 3일 금요일 오전 1:31,조혜원 권지용으르 봄 쉬발
36,2018년 8월 2일 목요일 오전 2:09,정선우 승리쌤 개꿀귀... 비문학 꼭 들어요...
37,2018년 8월 1일 수요일 오후 7:33,김서영 말투가 진짜 이래?
38,2018년 7월 31일 화요일 오후 11:42,박재모 팡일ㅎㅎㅎ
39,2018년 7월 31일 화요일 오후 8:50,조진우 작년에 안들었던거 이번에ㆍ 꼭듣자!!!
40,2018년 7월 31일 화요일 오후 2:05,이수림 이 샘 리얼 재밌름ㅎㅋㅎㅋㅎㅋㅋㅎㅋㅎㅌㅎㅋㅎㅎㅎㄹㅋㄹㅋㄹㅋㅋㅎㅎㅋㅎㅋㅎㅋㅎㅋㅎㅋㅎㅋㅎ
41,2018년 7월 30일 월요일 오후 8:53,김미송 나 여기 갔다왓다꾸
1,2017년 9월 14일 목요일 오전 12:17,2배속으로만 듣다가 1배속으로 들으니까 묘하네
2,2017년 11월 22일 수요일 오전 9:31,이창민 올해기출아예안봤는데 좃된거냐 ㅋㄱㄱㄱㄱㄲㅋㅋㄱ
3,2017년 10월 28일 토요일 오후 7:43,김현빈 너가 저사람모습에 메모지붙여놓으신분..
4,2017년 9월 12일 화요일 오후 5:34,한승준 명언 ㅜㅜ
5,2017년 10월 9일 월요일 오후 6:37,송민석 갓석원쌤..
6,2017년 11월 27일 월요일 오전 1:03,역쉬 한석원쌤
7,2017년 11월 27일 월요일 오전 1:05,크
8,2017년 11월 27일 월요일 오전 1:05,ㅋㅋㅋㅋ뭐
9,2017년 11월 27일 월요일 오전 1:12,ㅋㅋㅋㅋㅋㅋㅋㅋㅋ아니야ㅎ
10,2017년 11월 27일 월요일 오전 1:13,이따 보자
11,2017년 11월 27일 월요일 오전 1:13,그래그래
12,2017년 12월 26일 화요일 오전 9:17,김수환 내년에는 기출 잘분석하고
13,2017년 9월 12일 화요일 오후 5:35,김정우 닉넴추천좀
14,2017년 9월 12일 화요일 오후 5:47,공부벽돌 어때
15,2017년 9월 12일 화요일 오후 5:56,ㅋㅋㅋㅋㅋㅋㅋㅋㅋㅋㅋ극혐이다진짴ㅋㅋㅋㅋㅋㅋㅋㅋㅋㅋㅋㅋㅋㅋㅋ
16,2017년 9월 12일 화요일 오후 5:56,ㅊ초록색부엉이는어떠냐
17,2017년 9월 12일 화요일 오후 6:04,아니면 이민규풍성머리
18,2017년 9월 12일 화요일 오후 5:17,김예빈 예비나❤️
19,2017년 9월 12일 화요일 오후 7:03,ㅋㅋㅋㅋ하띵❤️왜갔어❤️
20,2017년 9월 12일 화요일 오후 7:05,학교싫어 ❤️
21,2017년 9월 12일 화요일 오후 5:25,최성영 안녕하십니깐석원입니다
22,2017년 9월 12일 화요일 오후 5:42,하... 공부좀할걸
23,2017년 9월 13일 수요일 오전 11:13,양유민 새겨들어 토민이
24,2017년 9월 13일 수요일 오후 7:41,반수 ㄱ
25,2017년 9월 14일 목요일 오전 12:09,참센세 ㅜㅜㅜㅜㅜㅜ
26,2017년 9월 12일 화요일 오후 7:01,1.4배속하고싶다
27,2017년 9월 12일 화요일 오후 9:54,굿
1,2017년 9월 7일 목요일 오후 5:22,이세혁 아아 빛난다...
2,2017년 9월 7일 목요일 오후 6:31,갓석원 오랜만
3,2017년 9월 7일 목요일 오후 10:50,빡빡이
4,2017년 9월 8일 금요일 오후 4:48,추성윤 이 선생님 덕에 수학이 재밌어짐
5,2017년 9월 8일 금요일 오후 4:53,오오 머리가 빛나시네
6,2017년 9월 8일 금요일 오후 7:43,이우준 한석원 왜 안늙냐 ㅋㅋㅋㅋㅋㅋㅋㅋ
7,2017년 9월 8일 금요일 오전 3:33,전길중 다봤는데 세개 다 어렵다 ㅋㅋㅋㅋㅋㅋㅋㅋㅋ
8,2017년 9월 9일 토요일 오전 12:40,진유재  빛남ㅋㅋㅋㅋㅋ
9,2017년 9월 9일 토요일 오전 1:16,앙 너무잘생김♡ 얼굴만봐도 꿀잼임
10,2017년 9월 7일 목요일 오후 8:13,장연재 갓....
11,2017년 9월 7일 목요일 오후 8:33,ㅋㅋㅋㅋㅋㅋ g(x) 저렇게 놓는거보다 평행이동이 편한거 인정?
12,2017년 9월 7일 목요일 오후 8:54,ㅋㅋㅋㅋㅋㅋㅋㅋ너 해설강의 찍으러 출강해라 인정인정
13,2017년 9월 7일 목요일 오후 7:26,윤동혁안녕하십니깐석원입니당
14,2017년 9월 8일 금요일 오후 2:02,이송민이분임 함 보셈
1,2013년 2월 12일 화요일 오후 5:08,ㅋㅋㅋㅋㅋㅋㅋㅋㅋㅋㅋㅋㅋㅋㅋ 그리고 운동하고있음
2,2013년 2월 12일 화요일 오후 5:33,ㅁㅊ것들아ㅋㅋㅋㅋㅋ 한석원ㅋㅋㅋ
3,2013년 2월 12일 화요일 오후 10:15,"한석원 크포 들었다. 알텍은 잘 모르겠는데 좀 상위권겨냥해서 강의하고, 좀 말투 거슬리는거 있음ㅇㅇ 문제는 질 좋은 좀 어려움ㅇㅇ"
4,2013년 2월 12일 화요일 오후 10:20,야 레알 한석원이갑이야  근데 한석원알파테크닉(일명알텍) 들을라면 기본개념완벽해야함 안그럼 어려워서 계속돌려봐야됨
5,2013년 2월 12일 화요일 오후 10:22,강의력 쩔고  개념 조낸 디테일하게 설명해줌 알텍이실전개념이니까  좀 기본부터 심화까지가려연 그밑에  생각의질서라고 개념강의있어  잘판단해서 열공하셈
6,2013년 2월 12일 화요일 오후 11:27,한석원은 기벡이 갑
7,2013년 2월 13일 수요일 오전 1:41,승훈오 고마워ㅋㅋ 근디 보니깐 알텍이 기본강의던데? 더기본이없어;;
8,2013년 2월 13일 수요일 오전 1:41,김성규 ㅋㅋ 기벡은 필요없어ㅋㅋㅋ
9,2013년 2월 13일 수요일 오전 7:40,헐 ㅋㅋ 기벡이  한석원 수학갑에 올려준일등공신강의임ㅋㅋㅋ 뭐딴것도잘하지만 ㅋㅋ알텍말고 생각의질서있음
10,2013년 2월 13일 수요일 오전 10:18,승훈오 함 찻아볼게ㅋㅋ 고마워ㅋ
11,2013년 2월 13일 수요일 오후 8:46,티치미에있을듯
1,2012년 12월 2일 일요일 오후 10:03,"패기만만했을때, 화이트 헤드나 버트런드 럿셀의 삶(그들의 철학, 특히 화이트 헤드의 철학에 대해선 무지함)의 이력--수학을 전공하다가 철학을 했음--을 동경한 적이 있는데..."
2,2012년 12월 3일 월요일 오전 7:10,초5 수학도 어렵더라. 대단하네
3,2012년 12월 3일 월요일 오전 9:22,"초등학생은, 주변사람한테 들어보면, 가르치기가 어렵다더라. 중학교, 고등학교 식으로 풀면 설명이 간단한데, 초등생은 일일이 다 해봐야 된다고..."
4,2012년 12월 3일 월요일 오전 9:42,그 까까머리 같은 한석원 선생이 그리 유명하단 말이지?
5,2012년 12월 3일 월요일 오전 10:18,"Hyungchan Lee// 수능 수학의 스타강사는 몇몇 있는 걸로 알고 있다. 내가 들은 바로만 해도, 삽자루 우형철 선생, 메가스터디 신승범 선생, 이투스 정승제 선생, 이투스 남휘종 선생, 폴 이기홍 선생, 한석현 선생,,등등...근데, 난 한석원 선생이 스타일에 맞는 것 같더라 말이지...^^"
6,2012년 12월 3일 월요일 오전 10:56,난 누가누군지 실은 잘모르고ㅋㅋ 그분 머리카락(?)이 인상적이어서... 괜휘 아는 척ㅋㅋ
1,2014년 2월 18일 화요일 오후 11:35,샘 저거 ebsi.com 아니라ebsi.co.kr !!
2,2014년 2월 19일 수요일 오전 8:45,Grace Minkyung Ahn 악 맞아 ㅋㅋㅋ
3,2013년 3월 19일 화요일 오후 12:45,결혼전에 얼굴 한번보아~~너무 못봤어 ㅎㅎ
4,2013년 3월 19일 화요일 오후 12:46,그러십시다 :-)
1,2017년 6월 1일 목요일 오후 3:22,마더텅 빨강이..! 모의고사에 익숙해져서 좋앗어용ㅎㅎ 평가원 성적 하나아도 안중요해요!! feat윤동준 틀린거 담에 안틀리게 열공해서 성공하세욥😃😃
2,2017년 6월 1일 목요일 오후 9:51,평가원 성적 중요해요 ㅋㅋㅋ
3,2017년 6월 1일 목요일 오후 9:55,음.. 의지를 다지는데 중요한감...?
4,2017년 6월 1일 목요일 오후 9:57,그러취 ㅋㅋ 평가원 망하면 공부 열심히 하게 되던디
5,2017년 6월 1일 목요일 오후 9:59,아마자 6평은 망하면 방학부터 9월까지 불태움
6,2017년 6월 1일 목요일 오후 10:00,9월까지 망하면 수능까지 불태움
7,2017년 6월 1일 목요일 오후 10:00,ㄱㅇㄷ
8,2017년 6월 1일 목요일 오후 10:01,ㅋㅋㅋㅋㅋㅋㅋㅋㅋㅋㅋㅋ와 이거 ㄹㅇ 경험담이네 6월 나 9월 너 ㅋㅋㅋㅋㅋㅋ
9,2017년 6월 1일 목요일 오후 10:05,으잌ㅋㅋㅋㅋㅌㅋㅋㅋㅋ
10,2017년 6월 2일 금요일 오후 9:20,자살팟구함
11,2018년 2월 16일 금요일 오전 1:56,"#관리자 #공지 #구글제보_서비스_개시대치동 대신 전해드립니다에 제보할 때 관리자에게 이름을 보이기 부담스러운 분들을 위해 마련한 제보방식입니다. 해당 제보는 관리자 조차도 제보자를 알 수가 없어 익명성 보장이 더 완벽하게 됩니다. 다만 해당 제보방식은 접근성이 떨어져 일반 메시지 제보처럼 수시로 올리기 힘듭니다. 따라서 구글제보는 매 주말중 한 번만 올릴예정이며, 이에따라 게시시간은 오래 걸린다는 점을 미리 말씀드립니다. 또한 해당 제보방식은…더 보기"
12,2018년 6월 28일 목요일 오후 6:11,항상 수고 많으십니다
13,2018년 8월 6일 월요일 오후 11:50,양지원 정건우
14,2018년 8월 6일 월요일 오후 11:19,노승서 얘 개웃긴데 친구없어여
15,2018년 8월 6일 월요일 오후 11:05,하영 너찾는댕
16,2018년 8월 6일 월요일 오후 10:26,니저나언제돼아니저나언제대냐고!!ㅅㅂ넘아대답안해??…더 보기
17,2018년 8월 6일 월요일 오후 9:56,김형석 시발년아 대답안해?뒤지고싶냐나 지금 타자치기 귀찮아서ㅋ…더 보기
1,2017년 1월 26일 목요일 오후 12:02,다 된 밥에 이명학
2,2017년 1월 26일 목요일 오후 6:05,띵학이지 초심 잃엇냐
3,2017년 1월 26일 목요일 오후 6:12,이명학 강의 개꿀잼이라길래 맛보기 봤는데 강의 ㄹㅇ개쉬움 역시 답은 갓석현
4,2017년 1월 26일 목요일 오후 11:27,대단해 희수
5,2017년 1월 26일 목요일 오후 1:31,생물은 한종철쌤이지~~~
6,2017년 1월 26일 목요일 오후 7:50,갓종철
7,2017년 1월 26일 목요일 오후 1:41,아니 화학 갓은 이윤희쌤인데 무슨소리 문채림
8,2017년 1월 26일 목요일 오후 1:42,이윤희쌤 홍보대사로 인정합니다👏
9,2017년 1월 26일 목요일 오후 2:00,유정이 대대전만 보고사는거야..?
10,2017년 1월 26일 목요일 오후 2:00,유소은 알바하는데 할일이 없는거야...
11,2017년 1월 26일 목요일 오후 4:07,ㅋㅋㅋㅋㅋㅋㅋㅋㅋ박상현만 빼면 됨
12,2017년 1월 26일 목요일 오후 4:56,갓팡일이지
13,2017년 1월 26일 목요일 오후 2:27,생물최정윤쌤도좋은데국어박상희쌤도진짜좋고
14,2017년 1월 26일 목요일 오후 5:01,고정재
15,2017년 1월 26일 목요일 오후 2:34,고정재쌤👍
16,2017년 1월 26일 목요일 오후 2:37,정재쌤보고싶당ㅠㅠ
17,2017년 1월 26일 목요일 오후 2:53,난보고왓지롱~ 월욜날 ㅎㅎㅎㅎ
18,2017년 1월 26일 목요일 오후 3:16,헐헐.....어떻게???
19,2017년 1월 26일 목요일 오후 3:48,정소현 그냥 고정재쌤수업끝나는시간에맞춰서가면만날수잇음
20,2017년 1월 26일 목요일 오후 3:30,물리는 현재 군대를 가버리신 김성도 ㅠ
21,2017년 1월 26일 목요일 오후 3:01,갓석원 인정합니다
22,2017년 1월 26일 목요일 오후 12:05,유재원 물리는 배기범
23,2017년 1월 27일 금요일 오전 10:02,박상현 화학 미만 잡
24,2017년 1월 27일 금요일 오후 12:02,ㅋㅋㅋㅋ킄ㅋㅋㅋㅋ
25,2017년 1월 26일 목요일 오후 12:53,최훈 천지개벽이 일어나도 국어는 리킁캅이다
26,2017년 1월 26일 목요일 오후 12:54,국어수학은 독학이지 ㅇㅈ? 고대정시 실화냐?진학사불지를까
27,2017년 1월 26일 목요일 오후 12:49,수학은 갓전식이형아니냐 송현섭
28,2017년 1월 26일 목요일 오후 1:09,이전식샘..
29,2017년 1월 26일 목요일 오후 1:14,갓메가스터디 장인
30,2017년 1월 27일 금요일 오전 1:38,귀여움 담당은 창무
31,2017년 1월 26일 목요일 오후 4:43,민철쓰..
32,2017년 1월 27일 금요일 오전 11:25,그런거 할 시간에 공부나 하지;
33,2017년 1월 27일 금요일 오전 1:21,상모찡은?
34,2017년 1월 27일 금요일 오전 2:45,도대체 백호가 왜...
35,2017년 1월 26일 목요일 오후 1:12,일단 스듀는 다 재끼고~
36,2017년 1월 26일 목요일 오후 5:24,네..? 이해못했어요..
37,2017년 1월 26일 목요일 오후 4:47,이런거 왜 하는지..
38,2017년 1월 27일 금요일 오후 5:00,갓심훈
39,2017년 1월 26일 목요일 오후 7:14,화학은박상현
40,2017년 1월 26일 목요일 오후 2:27,이분 완전 대성알바 아니냐
41,2018년 2월 16일 금요일 오전 1:56,"#관리자 #공지 #구글제보_서비스_개시대치동 대신 전해드립니다에 제보할 때 관리자에게 이름을 보이기 부담스러운 분들을 위해 마련한 제보방식입니다. 해당 제보는 관리자 조차도 제보자를 알 수가 없어 익명성 보장이 더 완벽하게 됩니다. 다만 해당 제보방식은 접근성이 떨어져 일반 메시지 제보처럼 수시로 올리기 힘듭니다. 따라서 구글제보는 매 주말중 한 번만 올릴예정이며, 이에따라 게시시간은 오래 걸린다는 점을 미리 말씀드립니다. 또한 해당 제보방식은…더 보기"
42,2018년 6월 28일 목요일 오후 6:11,항상 수고 많으십니다
43,2018년 8월 6일 월요일 오후 11:50,양지원 정건우
44,2018년 8월 6일 월요일 오후 11:19,노승서 얘 개웃긴데 친구없어여
45,2018년 8월 6일 월요일 오후 11:05,하영 너찾는댕
46,2018년 8월 6일 월요일 오후 10:26,니저나언제돼아니저나언제대냐고!!ㅅㅂ넘아대답안해??…더 보기
47,2018년 8월 6일 월요일 오후 9:56,김형석 시발년아 대답안해?뒤지고싶냐나 지금 타자치기 귀찮아서ㅋ…더 보기
1,2017년 12월 5일 화요일 오후 8:57,"수학 최상위면 우진이형이지,,,,"
2,2017년 12월 5일 화요일 오후 10:09,최지윤웨 정승제 안 들어....⁉️
3,2017년 12월 5일 화요일 오후 10:28,글쎄..?ㅋㅋㅋ
4,2018년 7월 31일 화요일 오후 6:53,Bae Yi Chae 현타와ㅠㅠ
5,2018년 7월 31일 화요일 오후 7:28,임소영엉엉😭
6,2018년 7월 25일 수요일 오전 12:50,정선 love u
7,2018년 7월 25일 수요일 오전 10:55,조서인
8,2018년 7월 21일 토요일 오후 4:20,이건 이렇게라도 해 ㅂㅅ아 동산고에서 남자 한 명 찾으라고;
9,2018년 7월 22일 일요일 오전 1:16,서연 이런거 보면 연애세포생겨
10,2018년 7월 23일 월요일 오후 11:23,우민희 너 언제 찍을거냥
11,2018년 7월 25일 수요일 오후 2:22,김민수 난민증도 교복이고 면허증도교복인데 ㅋㅋㅋㅋㅋㅋㅋㅋㅋㅋ
1,2017년 12월 28일 목요일 오후 6:47,임태훈
2,2017년 12월 28일 목요일 오후 7:58,ㄱㅅㄱㅅ
3,2017년 12월 28일 목요일 오후 6:48,킹동욱이 없다니..
4,2017년 12월 28일 목요일 오후 7:51,국어는그냥 수능대박난 케이스네
5,2017년 12월 28일 목요일 오후 8:20,류현수
6,2017년 12월 28일 목요일 오후 9:04,최혜린 국어 쬐끔 틀렸다고 써놓으셨길래 수학 인강 같이 듣자고 태그하려고 봤더니 진짜 국어만 틀린 갯수 쓰셨음 시무룩... 이정도면 걍 국어가 급 대박난 케이스 아니냐
7,2017년 12월 28일 목요일 오후 9:15,ㅋㅋㅋㅋㅠㅠ 국어 띠용 속상하다고...ㅠㅠ 개우울해
8,2017년 12월 28일 목요일 오후 9:25,국어 양도되나? 나 방금 국어학원 예비170번 기다린거 시간 안맞아서 포기했거든ㅠㅠㅠ
9,2017년 12월 28일 목요일 오후 9:31,김주현 신영균ㅅ쌤 찜
10,2017년 12월 28일 목요일 오후 9:54,맘대로 해라
11,2017년 12월 28일 목요일 오후 11:21,양승규 와 저게 다 얼마냐
12,2017년 12월 28일 목요일 오후 11:35,지리죠
13,2017년 12월 29일 금요일 오전 10:09,이정도면 그냥 인강강사 과목별로 다적어놓은거 아닌가
14,2018년 2월 3일 토요일 오후 11:55,이장운 화학 해명하세요
15,2018년 7월 31일 화요일 오후 6:53,Bae Yi Chae 현타와ㅠㅠ
16,2018년 7월 31일 화요일 오후 7:28,임소영엉엉😭
17,2018년 7월 25일 수요일 오전 12:50,정선 love u
18,2018년 7월 25일 수요일 오전 10:55,조서인
19,2018년 7월 21일 토요일 오후 4:20,이건 이렇게라도 해 ㅂㅅ아 동산고에서 남자 한 명 찾으라고;
20,2018년 7월 22일 일요일 오전 1:16,서연 이런거 보면 연애세포생겨
21,2018년 7월 23일 월요일 오후 11:23,우민희 너 언제 찍을거냥
22,2018년 7월 25일 수요일 오후 2:22,김민수 난민증도 교복이고 면허증도교복인데 ㅋㅋㅋㅋㅋㅋㅋㅋㅋㅋ
